INSERT INTO `user_data` (`user_id`,`last_name`,`first_name`,`address`,`city`,`state`,`zip_code`,`telephone`,`email`,`account_number`,`creation_date`,`credit_card`,`rating`) VALUES (1,"Mcdonald","Walker","Ap #754-7702 Consequat Road","Marcq-en-Baroeul","TM","09850","15952573248","vitae@quis.org","1684060889999","2016-09-21","4615246025226042",1),(2,"Hull","Alexa","8735 Sed Street","Kemzeke","VZ","59524","18647952786","mattis.Cras.eget@euerat.net","1613081568599","2017-03-25","4024007158120583",6),(3,"Campos","Brandon","751-9568 Nunc Rd.","Mataró","SQ","14047","12576755014","et.netus.et@libero.ca","1673022297399","2017-04-15","4532163910514",9),(4,"Barnett","Olivia","734-4507 Metus. St.","Gonnosnò","LO","00692","15332334787","neque.et@cubilia.org","1638092104499","2016-03-07","4556624469661",2),(5,"Hurst","Baker","Ap #730-1110 Nulla Ave","Vergemoli","XW","43659","18363321045","eros.Proin.ultrices@risusDonec.edu","1672082752599","2016-07-16","4929512094216",2),(6,"Sullivan","Mufutau","Ap #719-2196 Fermentum Av.","Ancud","VC","50653","12066358623","Proin.non.massa@egestasSedpharetra.net","1665102589699","2017-01-22","4929594918688",5),(7,"Nielsen","Zephania","3606 Enim Street","Nemi","CI","06616","12747719202","lorem@euismodet.edu","1629072077699","2016-12-10","4974482571895832",6),(8,"Fischer","Nero","3368 Diam St.","Montpelier","QY","02556","11651335108","placerat@est.com","1603010561899","2016-11-03","4485136405888148",10),(9,"Mack","Castor","4806 In St.","Merchtem","AM","11802","16274104750","luctus.et.ultrices@acnulla.net","1666011115399","2017-03-08","4316900960603209",7),(10,"Oliver","Roary","3620 Sed Av.","Khanpur","CY","49887","18265068335","condimentum.Donec.at@sed.co.uk","1682041888499","2017-08-23","4716502176672436",3);
INSERT INTO `user_preferences` (`user_id`,`preference`) VALUES ((SELECT user_id from user_data ORDER BY RAND() LIMIT 1),"sandwiches, noodles, pies, desserts, seafood, cereals, salads, pasta, stews, soups"),((SELECT user_id from user_data ORDER BY RAND() LIMIT 1),"sandwiches, cereals, noodles, pasta, salads, pies, stews"),((SELECT user_id from user_data ORDER BY RAND() LIMIT 1),"salads, seafood, cereals, soups, sandwiches, pies"),((SELECT user_id from user_data ORDER BY RAND() LIMIT 1),"soups, noodles, pasta, desserts, salads, cereals, stews, seafood, sandwiches, pies"),((SELECT user_id from user_data ORDER BY RAND() LIMIT 1),"cereals, pasta, pies, sandwiches"),((SELECT user_id from user_data ORDER BY RAND() LIMIT 1),"noodles, desserts, seafood"),((SELECT user_id from user_data ORDER BY RAND() LIMIT 1),"sandwiches, desserts, cereals, soups, stews, pies, salads, seafood"),((SELECT user_id from user_data ORDER BY RAND() LIMIT 1),"cereals, noodles, sandwiches, pasta, pies"),((SELECT user_id from user_data ORDER BY RAND() LIMIT 1),"sandwiches, salads, seafood, cereals, stews, pies, pasta"),((SELECT user_id from user_data ORDER BY RAND() LIMIT 1),"cereals, sandwiches, pies, soups, noodles, stews, salads, seafood");
INSERT INTO `group_data` (`group_id`,`user_id`,`group_name`,`group_type`,`creation_date`) VALUES (1,(SELECT user_id from user_data ORDER BY RAND() LIMIT 1),"dolor egestas rhoncus. Proin","organization","2017-01-25"),(2,(SELECT user_id from user_data ORDER BY RAND() LIMIT 1),"lorem, luctus ut, pellentesque","club","2017-10-23"),(3,(SELECT user_id from user_data ORDER BY RAND() LIMIT 1),"Donec egestas. Aliquam nec","club","2017-08-14"),(4,(SELECT user_id from user_data ORDER BY RAND() LIMIT 1),"Phasellus dapibus","organization","2017-05-24"),(5,(SELECT user_id from user_data ORDER BY RAND() LIMIT 1),"ultrices. Vivamus rhoncus. Donec","club","2017-09-04"),(6,(SELECT user_id from user_data ORDER BY RAND() LIMIT 1),"a nunc. In","business","2016-03-10"),(7,(SELECT user_id from user_data ORDER BY RAND() LIMIT 1),"Cras sed leo.","business","2016-06-11"),(8,(SELECT user_id from user_data ORDER BY RAND() LIMIT 1),"sit amet, consectetuer adipiscing","club","2017-10-21"),(9,(SELECT user_id from user_data ORDER BY RAND() LIMIT 1),"faucibus lectus, a","organization","2016-04-13"),(10,(SELECT user_id from user_data ORDER BY RAND() LIMIT 1),"nisl sem, consequat nec,","business","2016-05-28");
INSERT INTO `group_members` (`group_id`,`user_id`,`join_date`) VALUES (1,(SELECT user_id from user_data ORDER BY RAND() LIMIT 1),"2016-06-02 01:31:08"),(2,(SELECT user_id from user_data ORDER BY RAND() LIMIT 1),"2016-11-16 18:59:46"),(3,(SELECT user_id from user_data ORDER BY RAND() LIMIT 1),"2016-11-08 11:29:26"),(4,(SELECT user_id from user_data ORDER BY RAND() LIMIT 1),"2017-05-28 22:14:42"),(5,(SELECT user_id from user_data ORDER BY RAND() LIMIT 1),"2015-11-24 14:47:40"),(6,(SELECT user_id from user_data ORDER BY RAND() LIMIT 1),"2016-10-20 14:17:50"),(7,(SELECT user_id from user_data ORDER BY RAND() LIMIT 1),"2016-03-02 12:25:40"),(8,(SELECT user_id from user_data ORDER BY RAND() LIMIT 1),"2016-01-24 17:53:13"),(9,(SELECT user_id from user_data ORDER BY RAND() LIMIT 1),"2017-04-29 09:26:59"),(10,(SELECT user_id from user_data ORDER BY RAND() LIMIT 1),"2016-11-29 01:12:32");
INSERT INTO `page_data` (`page_id`,`page_owner`,`associated_group`,`post_count`) VALUES (1,(SELECT user_id from user_data ORDER BY RAND() LIMIT 1),(SELECT group_id from group_data ORDER BY RAND() LIMIT 1),11),(2,(SELECT user_id from user_data ORDER BY RAND() LIMIT 1),(SELECT group_id from group_data ORDER BY RAND() LIMIT 1),48),(3,(SELECT user_id from user_data ORDER BY RAND() LIMIT 1),(SELECT group_id from group_data ORDER BY RAND() LIMIT 1),73),(4,(SELECT user_id from user_data ORDER BY RAND() LIMIT 1),(SELECT group_id from group_data ORDER BY RAND() LIMIT 1),51),(5,(SELECT user_id from user_data ORDER BY RAND() LIMIT 1),(SELECT group_id from group_data ORDER BY RAND() LIMIT 1),89),(6,(SELECT user_id from user_data ORDER BY RAND() LIMIT 1),(SELECT group_id from group_data ORDER BY RAND() LIMIT 1),12),(7,(SELECT user_id from user_data ORDER BY RAND() LIMIT 1),(SELECT group_id from group_data ORDER BY RAND() LIMIT 1),4),(8,(SELECT user_id from user_data ORDER BY RAND() LIMIT 1),(SELECT group_id from group_data ORDER BY RAND() LIMIT 1),78),(9,(SELECT user_id from user_data ORDER BY RAND() LIMIT 1),(SELECT group_id from group_data ORDER BY RAND() LIMIT 1),9),(10,(SELECT user_id from user_data ORDER BY RAND() LIMIT 1),(SELECT group_id from group_data ORDER BY RAND() LIMIT 1),63);
INSERT INTO `post_data` (`post_id`,`user_id`,`content`,`comment_count`,`page_id`) VALUES (1,(SELECT user_id from user_data ORDER BY RAND() LIMIT 1),"urna. Vivamus molestie dapibus ligula.",25,(SELECT page_id from page_data ORDER BY RAND() LIMIT 1)),(2,(SELECT user_id from user_data ORDER BY RAND() LIMIT 1),"tincidunt dui augue eu tellus. Phasellus elit pede, malesuada vel,",8,(SELECT page_id from page_data ORDER BY RAND() LIMIT 1)),(3,(SELECT user_id from user_data ORDER BY RAND() LIMIT 1),"lobortis ultrices. Vivamus rhoncus. Donec est. Nunc ullamcorper,",91,(SELECT page_id from page_data ORDER BY RAND() LIMIT 1)),(4,(SELECT user_id from user_data ORDER BY RAND() LIMIT 1),"consequat dolor vitae dolor. Donec",0,(SELECT page_id from page_data ORDER BY RAND() LIMIT 1)),(5,(SELECT user_id from user_data ORDER BY RAND() LIMIT 1),"et magnis dis parturient montes, nascetur",31,(SELECT page_id from page_data ORDER BY RAND() LIMIT 1)),(6,(SELECT user_id from user_data ORDER BY RAND() LIMIT 1),"nec, eleifend non, dapibus rutrum, justo. Praesent luctus. Curabitur",72,(SELECT page_id from page_data ORDER BY RAND() LIMIT 1)),(7,(SELECT user_id from user_data ORDER BY RAND() LIMIT 1),"elit, a feugiat",87,(SELECT page_id from page_data ORDER BY RAND() LIMIT 1)),(8,(SELECT user_id from user_data ORDER BY RAND() LIMIT 1),"commodo tincidunt nibh. Phasellus nulla. Integer vulputate, risus a",15,(SELECT page_id from page_data ORDER BY RAND() LIMIT 1)),(9,(SELECT user_id from user_data ORDER BY RAND() LIMIT 1),"egestas",52,(SELECT page_id from page_data ORDER BY RAND() LIMIT 1)),(10,(SELECT user_id from user_data ORDER BY RAND() LIMIT 1),"ultricies dignissim",3,(SELECT page_id from page_data ORDER BY RAND() LIMIT 1));
INSERT INTO `comment_data` (`comment_id`,`post_id`,`user_id`,`comment_content`,`creation_date`) VALUES (1,(SELECT post_id from post_data ORDER BY RAND() LIMIT 1),(SELECT user_id from user_data ORDER BY RAND() LIMIT 1),"at pede. Cras vulputate velit eu","2017-10-10 08:33:15"),(2,(SELECT post_id from post_data ORDER BY RAND() LIMIT 1),(SELECT user_id from user_data ORDER BY RAND() LIMIT 1),"mi enim, condimentum","2016-01-14 17:37:49"),(3,(SELECT post_id from post_data ORDER BY RAND() LIMIT 1),(SELECT user_id from user_data ORDER BY RAND() LIMIT 1),"non, egestas a, dui. Cras pellentesque. Sed dictum. Proin eget","2015-12-11 23:36:36"),(4,(SELECT post_id from post_data ORDER BY RAND() LIMIT 1),(SELECT user_id from user_data ORDER BY RAND() LIMIT 1),"mollis dui, in sodales","2016-06-21 23:43:02"),(5,(SELECT post_id from post_data ORDER BY RAND() LIMIT 1),(SELECT user_id from user_data ORDER BY RAND() LIMIT 1),"accumsan laoreet ipsum. Curabitur consequat, lectus sit amet luctus vulputate,","2017-03-06 09:33:09"),(6,(SELECT post_id from post_data ORDER BY RAND() LIMIT 1),(SELECT user_id from user_data ORDER BY RAND() LIMIT 1),"mattis semper,","2016-04-18 04:37:41"),(7,(SELECT post_id from post_data ORDER BY RAND() LIMIT 1),(SELECT user_id from user_data ORDER BY RAND() LIMIT 1),"sed dolor. Fusce mi lorem, vehicula et, rutrum eu, ultrices","2017-04-26 08:22:57"),(8,(SELECT post_id from post_data ORDER BY RAND() LIMIT 1),(SELECT user_id from user_data ORDER BY RAND() LIMIT 1),"diam. Proin dolor.","2016-02-28 02:25:29"),(9,(SELECT post_id from post_data ORDER BY RAND() LIMIT 1),(SELECT user_id from user_data ORDER BY RAND() LIMIT 1),"non arcu. Vivamus sit","2017-11-03 08:51:31"),(10,(SELECT post_id from post_data ORDER BY RAND() LIMIT 1),(SELECT user_id from user_data ORDER BY RAND() LIMIT 1),"Vestibulum ante ipsum primis in faucibus orci luctus et ultrices","2016-10-12 13:18:36");
INSERT INTO `messages_data` (`message_id`,`message_date`,`message_subject`,`message_content`,`message_sender`,`message_receiver`) VALUES (1,"2017-05-12 07:42:59","montes, nascetur ridiculus mus. Proin vel","lacinia. Sed",(SELECT user_id from user_data ORDER BY RAND() LIMIT 1),(SELECT user_id from user_data ORDER BY RAND() LIMIT 1)),(2,"2017-08-01 19:01:30","tellus. Aenean egestas hendrerit neque. In ornare","eleifend non, dapibus rutrum, justo. Praesent luctus. Curabitur",(SELECT user_id from user_data ORDER BY RAND() LIMIT 1),(SELECT user_id from user_data ORDER BY RAND() LIMIT 1)),(3,"2017-11-05 03:09:39","nunc sed libero. Proin sed turpis nec mauris","nec orci. Donec nibh. Quisque nonummy ipsum non arcu.",(SELECT user_id from user_data ORDER BY RAND() LIMIT 1),(SELECT user_id from user_data ORDER BY RAND() LIMIT 1)),(4,"2016-06-21 13:50:06","Quisque libero lacus,","posuere at, velit. Cras",(SELECT user_id from user_data ORDER BY RAND() LIMIT 1),(SELECT user_id from user_data ORDER BY RAND() LIMIT 1)),(5,"2016-10-31 15:00:35","convallis, ante lectus","Mauris vestibulum, neque sed dictum eleifend, nunc risus varius",(SELECT user_id from user_data ORDER BY RAND() LIMIT 1),(SELECT user_id from user_data ORDER BY RAND() LIMIT 1)),(6,"2016-03-19 04:58:21","posuere vulputate, lacus. Cras interdum. Nunc sollicitudin commodo ipsum.","Pellentesque ut ipsum ac mi eleifend egestas.",(SELECT user_id from user_data ORDER BY RAND() LIMIT 1),(SELECT user_id from user_data ORDER BY RAND() LIMIT 1)),(7,"2015-11-17 22:19:20","ac libero nec","dolor, nonummy ac, feugiat non,",(SELECT user_id from user_data ORDER BY RAND() LIMIT 1),(SELECT user_id from user_data ORDER BY RAND() LIMIT 1)),(8,"2016-01-05 02:53:16","Phasellus dolor elit, pellentesque","sed",(SELECT user_id from user_data ORDER BY RAND() LIMIT 1),(SELECT user_id from user_data ORDER BY RAND() LIMIT 1)),(9,"2016-05-25 18:27:38","enim. Etiam","sem mollis dui,",(SELECT user_id from user_data ORDER BY RAND() LIMIT 1),(SELECT user_id from user_data ORDER BY RAND() LIMIT 1)),(10,"2016-07-20 04:03:23","montes, nascetur ridiculus","fringilla, porttitor vulputate, posuere vulputate,",(SELECT user_id from user_data ORDER BY RAND() LIMIT 1),(SELECT user_id from user_data ORDER BY RAND() LIMIT 1));
INSERT INTO `employee_data` (`social`,`lastName`,`firstName`,`city`,`state`,`zipcode`,`telephone`,`startDate`,`hourly`,`address`,`employee_id`) VALUES ("1648080447699","Salinas","Jameson","Montignies-sur-Sambre","DL","52621","8666219373","2016-09-13 03:57:18","15.77","P.O. Box 660, 6034 Diam. Rd.",1),("1660071493699","Higgins","Basil","Lakewood","GR","77156","9915025975","2017-07-04 18:10:25","35.83","740-7570 Malesuada Rd.",2),("1610011740399","Padilla","Mikayla","Bridgnorth","NU","06983","2857832620","2016-10-16 20:05:01","35.09","P.O. Box 258, 2949 Dui, Road",3),("1676111774799","Carlson","Dawn","Sagrada Familia","FZ","15364","9895765627","2016-03-27 20:51:52","29.72","322-3021 Non, Av.",4),("1633051535399","Hull","Robert","Hamilton","EZ","81539","3619343738","2017-09-28 22:16:57","88.54","P.O. Box 940, 192 Non Street",5),("1622031330699","Mosley","Teagan","Melton Mowbray","OZ","40406","5126848284","2015-12-17 09:09:20","91.16","Ap #909-585 Vitae Av.",6),("1652062041899","Mejia","Giacomo","Mandela","GQ","08035","8326712605","2017-06-26 08:11:41","71.25","1930 Lectus St.",7),("1629040670599","Cameron","Courtney","Colico","MZ","36726","2278457852","2017-02-02 06:30:35","09.51","996-8363 Et, Road",8),("1691090430399","Watson","Fay","Carluke","KN","04053","1842894446","2016-10-12 19:41:09","08.38","2249 Metus. Rd.",9),("1681091438799","Hood","Oliver","St. Veit an der Glan","WP","42780","7017659414","2017-02-05 14:28:53","01.99","P.O. Box 262, 2055 Vestibulum Rd.",10);
INSERT INTO `advertisement_data` (`employee_id`,`type_of_ad`,`company`,`item_name`,`content`,`date_of_ad`,`unit_price`,`advertisement_id`,`num_available`) VALUES ((SELECT employee_id from employee_data ORDER BY RAND() LIMIT 1),"Quality Assurance","Microsoft","Seroquel","tempor augue ac ipsum.","2016-11-19 20:20:45","34.88",1,420),((SELECT employee_id from employee_data ORDER BY RAND() LIMIT 1),"Legal Department","Yahoo","Alprazolam","neque tellus,","2017-02-10 00:42:29","61.53",2,46),((SELECT employee_id from employee_data ORDER BY RAND() LIMIT 1),"Customer Service","Google","Lisinopril","ut, sem. Nulla interdum. Curabitur dictum. Phasellus in","2016-11-21 23:47:56","47.83",3,622),((SELECT employee_id from employee_data ORDER BY RAND() LIMIT 1),"Public Relations","Chami","Lisinopril","lacinia at, iaculis quis, pede. Praesent eu","2015-12-19 03:08:03","62.07",4,263),((SELECT employee_id from employee_data ORDER BY RAND() LIMIT 1),"Finances","Finale","Alprazolam","laoreet posuere, enim nisl elementum purus,","2016-03-18 10:55:44","85.81",5,787),((SELECT employee_id from employee_data ORDER BY RAND() LIMIT 1),"Sales and Marketing","Google","Warfarin Sodium","dictum eu, placerat eget, venenatis a, magna. Lorem ipsum","2017-02-27 13:52:06","22.56",6,470),((SELECT employee_id from employee_data ORDER BY RAND() LIMIT 1),"Quality Assurance","Apple Systems","Naproxen","elit. Etiam","2016-11-23 19:12:06","21.10",7,649),((SELECT employee_id from employee_data ORDER BY RAND() LIMIT 1),"Public Relations","Sibelius","Lyrica","nec orci. Donec nibh.","2017-10-03 20:17:58","72.40",8,573),((SELECT employee_id from employee_data ORDER BY RAND() LIMIT 1),"Asset Management","Apple Systems","Simvastatin","dictum ultricies","2017-04-25 12:41:42","75.28",9,139),((SELECT employee_id from employee_data ORDER BY RAND() LIMIT 1),"Finances","Microsoft","Tramadol HCl","arcu.","2017-06-17 03:40:35","07.66",10,2);
INSERT INTO `sale_data` (`ad_id`,`seller_id`,`consumer_id`,`account_number`,`transaction_date`,`transaction_id`,`number_of_units`) VALUES ((SELECT advertisement_id from advertisement_data ORDER BY RAND() LIMIT 1),(SELECT user_id from user_data ORDER BY RAND() LIMIT 1),(SELECT user_id from user_data ORDER BY RAND() LIMIT 1),(SELECT account_number from user_data ORDER BY RAND() LIMIT 1),"2017-10-13 16:45:35",1,810),((SELECT advertisement_id from advertisement_data ORDER BY RAND() LIMIT 1),(SELECT user_id from user_data ORDER BY RAND() LIMIT 1),(SELECT user_id from user_data ORDER BY RAND() LIMIT 1),(SELECT account_number from user_data ORDER BY RAND() LIMIT 1),"2017-10-07 18:11:57",2,984),((SELECT advertisement_id from advertisement_data ORDER BY RAND() LIMIT 1),(SELECT user_id from user_data ORDER BY RAND() LIMIT 1),(SELECT user_id from user_data ORDER BY RAND() LIMIT 1),(SELECT account_number from user_data ORDER BY RAND() LIMIT 1),"2016-10-04 19:14:45",3,482),((SELECT advertisement_id from advertisement_data ORDER BY RAND() LIMIT 1),(SELECT user_id from user_data ORDER BY RAND() LIMIT 1),(SELECT user_id from user_data ORDER BY RAND() LIMIT 1),(SELECT account_number from user_data ORDER BY RAND() LIMIT 1),"2017-05-10 03:39:21",4,605),((SELECT advertisement_id from advertisement_data ORDER BY RAND() LIMIT 1),(SELECT user_id from user_data ORDER BY RAND() LIMIT 1),(SELECT user_id from user_data ORDER BY RAND() LIMIT 1),(SELECT account_number from user_data ORDER BY RAND() LIMIT 1),"2016-01-23 15:12:53",5,596),((SELECT advertisement_id from advertisement_data ORDER BY RAND() LIMIT 1),(SELECT user_id from user_data ORDER BY RAND() LIMIT 1),(SELECT user_id from user_data ORDER BY RAND() LIMIT 1),(SELECT account_number from user_data ORDER BY RAND() LIMIT 1),"2016-06-20 09:12:08",6,393),((SELECT advertisement_id from advertisement_data ORDER BY RAND() LIMIT 1),(SELECT user_id from user_data ORDER BY RAND() LIMIT 1),(SELECT user_id from user_data ORDER BY RAND() LIMIT 1),(SELECT account_number from user_data ORDER BY RAND() LIMIT 1),"2017-08-11 12:59:44",7,780),((SELECT advertisement_id from advertisement_data ORDER BY RAND() LIMIT 1),(SELECT user_id from user_data ORDER BY RAND() LIMIT 1),(SELECT user_id from user_data ORDER BY RAND() LIMIT 1),(SELECT account_number from user_data ORDER BY RAND() LIMIT 1),"2016-11-26 16:39:21",8,201),((SELECT advertisement_id from advertisement_data ORDER BY RAND() LIMIT 1),(SELECT user_id from user_data ORDER BY RAND() LIMIT 1),(SELECT user_id from user_data ORDER BY RAND() LIMIT 1),(SELECT account_number from user_data ORDER BY RAND() LIMIT 1),"2017-07-28 21:35:24",9,679),((SELECT advertisement_id from advertisement_data ORDER BY RAND() LIMIT 1),(SELECT user_id from user_data ORDER BY RAND() LIMIT 1),(SELECT user_id from user_data ORDER BY RAND() LIMIT 1),(SELECT account_number from user_data ORDER BY RAND() LIMIT 1),"2017-09-01 21:38:45",10,244);
INSERT INTO `login` (`user_email`,`user_password`,`account_type`,`user_id`) VALUES ("eros.Proin.ultrices@risusDonec.edu","qn2DcWnsvpeAfdsfd",1,5), ("et.netus.et@libero.ca","kfg65svpeAfdsfdsWn",1,3),("vitae@quis.org","R353uc5h4Z2Cgw9G",1,1), ("mattis.Cras.eget@euerat.net","m7vpeAvaeqn2DcWn",1,2);
INSERT INTO `user_data` (`user_id`,`last_name`,`first_name`,`address`,`city`,`state`,`zip_code`,`telephone`,`email`,`account_number`,`creation_date`,`credit_card`,`rating`) VALUES (100001,"Collins","Michael","320 Carson Dr.Phoenix","Washington","DC",12345,228807080,"Michael.Collins@cse305.stonybrook.edu",900001,"2015-09-15","5732310153",5),(100002,"Rose","Rose","320 Carson Dr.Phoenix","New York","NY",10001,263303749,"Aria.Rose@cse305.stonybrook.edu",900002,"2015-09-15","5743987534543897",3),(100003,"Black","Jack","7478 Pennington St.Muncie","Washington","DC",12345,917443776,"Jase.Black@cse305.stonybrook.edu",900003,"2015-09-15","454524534534",4),(100004,"Franklin","Ellie","8450 Jockey Hollow Lane Youngstown","Stony Brook","NY",11794,381870672,"Ellie.Franklin@cse305.stonybrook.edu",900004,"2015-09-15",8763462343,4),(100005, "Wells","Mackenzie","320 Carson Dr.Phoenix","New York", "NY",10001,736594241,"Mackenzie.Wells@cse305.stonybrook.edu",900005,"2015-09-15",67593878545,5),(100006,"Armstrong","Cameron","7478 Pennington St.Muncie","New York","NY",10001,182209299,"Cameron.Armstrong@cse305.stonybrook.edu",900006,"2015-09-15",7957381415,5),(100007,"Ross","Levi","Ap #754-7702 Consequat Road","Stony Brook","NY",11794,127536938,"Levi.Ross@cse305.stonybrook.edu",900007,"2015-09-15",8190679630,1),(100008,"West","Levi","Ap #754-7702 Consequat Road","New York","NY",10001,699136094,"Levi.West@cse305.stonybrook.edu",900008,"2015-09-15",2988854323,5),(100009,"Davies","Christian","Ap #754-7702 Consequat Road","Stony Brook","NY",11794,364390765,"Christian.Davies@cse305.stonybrook.edu",900009,"2015-09-15",3095705062,1),(100010,"Davies","Kylie","320 Carson Dr.Phoenix","New York","NY",10001,562348521,"Kylie.Davies@cse305.stonybrook.edu",900010,"2015-09-15",3473593482,6),(100011,"Long","Tyler","7478 Pennington St.Muncie","Stony Brook","NY",11794,306139234,"Tyler.Long@cse305.stonybrook.edu",9000011,"2015-09-15",306139234,7),(100012,"Stewart","Henry","8450 Jockey Hollow Lane","Washington","DC",12345,503422119,"Henry.Stewart@cse305.stonybrook.edu",9000012,"2015-09-15",2960665402,2),(100013,"Bennett","Isaiah","7478 Pennington St.Muncie","Washington","DC",12345,929342276,"Isaiah.Bennett@cse305.stonybrook.edu",9000013,"2015-09-15",929342276,4),(100014,"Dunn","Arianna","320 Carson Dr.Phoenix","New York","NY",10001,311083148,"Arianna.Dunn@cse305.stonybrook.edu",900014,"2015-09-15",311083148,5),(100015,"Powell","Victoria","320 Carson Dr.Phoenix","New York","NY",10001,854902993,"Victoria.Powell@cse305.stonybrook.edu",900015,"2015-09-15",2266584205,1),(100016,"Alexander","Blakely","7478 Pennington St.Muncie","Washington","DC",12345,140361398,"Blakely.Alexander@cse305.stonybrook.edu",900016,"2015-09-15",6410428973,1),(100017,"Collins","Connor","8450 Jockey Hollow Lane","New York","NY",10001,282433780,"Connor.Collins@cse305.stonybrook.edu",900017,"2015-09-15",282433780,5),(100018,"Miller","Jeremiah","320 Carson Dr.Phoenix","New York ","NY",10001,533130991,"Jeremiah.Miller@cse305.stonybrook.edu",900018,"2015-09-15",5747315642,1),(100019,"Field","Riley","7478 Pennington","New York","NY",10001,477174572,"Riley.Field@cse305.stonybrook.edu",900019,"2015-09-15",1713723808,3),(100020,"Phillips","Lucy","688 Riverview Court ","New York","NY",10001,995652638,"Lucy.Phillips@cse305.stonybrook.edu",900020,"2015-09-15",8687634132,6);
INSERT INTO `login` (`user_email`,`user_password`,`account_type`,`user_id`)VALUES ("Michael.Collins@cse305.stonybrook.edu","care2cash",1,100001),("Aria.Rose@cse305.stonybrook.edu","dawn4call",1,100002),("Jase.Black@cse305.stonybrook.edu","data6bell",1,100003),("Ellie.Franklin@cse305.stonybrook.edu","burn2coat",1,100004),("Mackenzie.Wells@cse305.stonybrook.edu","burn2coat",1,100005),("Cameron.Armstrong@cse305.stonybrook.edu","aged6area",1,100006),("Levi.Ross@cse305.stonybrook.edu","been7beer",1,100007),("Levi.West@cse305.stonybrook.edu","coal3cell",1,100008),("Christian.Davies@cse305.stonybrook.edu","bush1bone",1,100009),("Kylie.Davies@cse305.stonybrook.edu","coat7calm",1,100010),("Tyler.Long@cse305.stonybrook.edu","area3boom",1,100011),("Henry.Stewart@cse305.stonybrook.edu",	"boat3also",1,100012),("Isaiah.Bennett@cse305.stonybrook.edu"	,"book6bank",1,100013),("Arianna.Dunn@cse305.stonybrook.edu","chip2calm",1,100014),("Victoria.Powell@cse305.stonybrook.edu","cash7bush",1,100015),("Blakely.Alexander@cse305.stonybrook.edu","bear3cope",1,100016),("Connor.Collins@cse305.stonybrook.edu","ball1days",1,100017),("Jeremiah.Miller@cse305.stonybrook.edu","code3case",1,100018),("Riley.Field@cse305.stonybrook.edu","cash7born",1,100019),("Lucy.Phillips@cse305.stonybrook.edu","away2bath",1,100020);
INSERT INTO `group_data` (`group_id`,`user_id`,`group_name`,`group_type`,`creation_date`) VALUES (200001,100001,"My Friends","Friends","2015-09-15"),(200002,100002,"Best Friends","Friends","2015-09-15"),(200003,100003,"StonyBrookGang","Friends","2015-09-15"),(200004,100004,"CS Folks","Friends","2015-09-15"),(200005,100005,"My Family","Friends","2015-09-15"),(200006,100006,"Microsoft Groupies","Friends","2015-09-15"),(200007,100007,"CSE 305","Students","2015-09-15"),(200008,100008,"Hungry Folks","Food Addicts","2015-09-15"),(200009,100009,"YOLO","Groupies","2015-09-15"),(200010,100010,"YouTube","Subscribers","2015-09-15");
INSERT INTO `page_data` (`page_id`,`page_owner`,`associated_group`,`post_count`) VALUES (200001,100001,200001,0),(200002,100002,200002,0),(200003,100003,200003,0),(200004,100004,200004,0),(200005,100005,200005,0),(200006,100006,200006,0),(200007,100007,200007,0),(200008,100008,200008,0),(200009,100009,200009,0),(200010,100010,200010,0);
INSERT INTO `post_data` (`post_id`,`user_id`,`content`,`comment_count`,`page_id`) VALUES (1111,100002,"How was the math test?",0,200002),(2222,100003,"I checked to make sure that he was still alive",0,200003),(3333,100004,"She borrowed the book from him many years ago and hasn't yet returned it.",0,200004),(4444,100005,"Someone I know recently combined Maple Syrup & buttered Popcorn thinking it would taste like caramel popcorn. It didn’t and they don’t recommend anyone else do it either.",0,200005),(5555,100006,"I currently have 4 windows open up… and I don’t know why.",0,200006),(6666,100007,"Should we start class now, or should we wait for everyone to get here?",0,200007),(7777,100008,"The book is in front of the table.",0,200008),(8888,100009,"Rock music approaches at high velocity.",0,200009),(9999,100010,"He ran out of money, so he had to stop playing poker.",0,200010);
INSERT INTO `comment_data` (`comment_id`,`post_id`,`user_id`,`comment_content`,`creation_date`) VALUES (1111,1111,100003,"I think I failed ;(.","2015-09-15"),(2222,1111,100004,"If Purple People Eaters are real… where do they find purple people to eat?","2015-09-15"),(3333,2222,100005,"Tom got a small piece of pie.","2015-09-15"),(4444,2222,100006,"We need to rent a room for our party.","2015-09-15"),(5555,3333,100007,"We need to rent a room for our party.","2015-09-15"),(6666,3333,100004,"Two seats were vacant.","2015-09-15"),(7777,2222,100006,"We need to rent a room for our party.","2015-09-15"),(8888,3333,100007,"Hurry!","2015-09-15"),(9999,3333,100008,"The sky is clear; the stars are twinkling.","2015-09-15"),(11111,2222,100009,"Check back tomorrow; I will see if the book has arrived.","2015-09-15");


